emp_no,from_date,to_date,salary
10001,1986-06-26,1987-06-26,60117
10001,1987-06-26,1988-06-25,62102
10001,1988-06-25,1989-06-25,66074
10001,1989-06-25,1990-06-25,66596
10001,1990-06-25,1991-06-25,66961
10001,1991-06-25,1992-06-24,71046
10001,1992-06-24,1993-06-24,74333
10001,1993-06-24,1994-06-24,75286
10001,1994-06-24,1995-06-24,75994
10001,1995-06-24,1996-06-23,76884
10001,1996-06-23,1997-06-23,80013
10001,1997-06-23,1998-06-23,81025
10001,1998-06-23,1999-06-23,81097
10001,1999-06-23,2000-06-22,84917
10001,2000-06-22,2001-06-22,85112
10001,2001-06-22,2002-06-22,85097
10001,2002-06-22,9999-01-01,88958
10002,1996-08-03,1997-08-03,65828
10002,1997-08-03,1998-08-03,65909
10002,1998-08-03,1999-08-03,67534
10002,1999-08-03,2000-08-02,69366
10002,2000-08-02,2001-08-02,71963
10002,2001-08-02,9999-01-01,72527
10003,1995-12-03,1996-12-02,40006
10003,1996-12-02,1997-12-02,43616
10003,1997-12-02,1998-12-02,43466
10003,1998-12-02,1999-12-02,43636
10003,1999-12-02,2000-12-01,43478
10003,2000-12-01,2001-12-01,43699
10003,2001-12-01,9999-01-01,43311
10004,1986-12-01,1987-12-01,40054
10004,1987-12-01,1988-11-30,42283
10004,1988-11-30,1989-11-30,42542
10004,1989-11-30,1990-11-30,46065
10004,1990-11-30,1991-11-30,48271
10004,1991-11-30,1992-11-29,50594
10004,1992-11-29,1993-11-29,52119
10004,1993-11-29,1994-11-29,54693
10004,1994-11-29,1995-11-29,58326
10004,1995-11-29,1996-11-28,60770
10004,1996-11-28,1997-11-28,62566
10004,1997-11-28,1998-11-28,64340
10004,1998-11-28,1999-11-28,67096
10004,1999-11-28,2000-11-27,69722
10004,2000-11-27,2001-11-27,70698
10004,2001-11-27,9999-01-01,74057
10005,1989-09-12,1990-09-12,78228
10005,1990-09-12,1991-09-12,82621
10005,1991-09-12,1992-09-11,83735
10005,1992-09-11,1993-09-11,85572
10005,1993-09-11,1994-09-11,85076
10005,1994-09-11,1995-09-11,86050
10005,1995-09-11,1996-09-10,88448
10005,1996-09-10,1997-09-10,88063
10005,1997-09-10,1998-09-10,89724
10005,1998-09-10,1999-09-10,90392
10005,1999-09-10,2000-09-09,90531
10005,2000-09-09,2001-09-09,91453
10005,2001-09-09,9999-01-01,94692
10006,1990-08-05,1991-08-05,40000
10006,1991-08-05,1992-08-04,42085
10006,1992-08-04,1993-08-04,42629
10006,1993-08-04,1994-08-04,45844
10006,1994-08-04,1995-08-04,47518
10006,1995-08-04,1996-08-03,47917
10006,1996-08-03,1997-08-03,52255
10006,1997-08-03,1998-08-03,53747
10006,1998-08-03,1999-08-03,56032
10006,1999-08-03,2000-08-02,58299
10006,2000-08-02,2001-08-02,60098
10006,2001-08-02,9999-01-01,59755
10007,1989-02-10,1990-02-10,56724
10007,1990-02-10,1991-02-10,60740
10007,1991-02-10,1992-02-10,62745
10007,1992-02-10,1993-02-09,63475
10007,1993-02-09,1994-02-09,63208
10007,1994-02-09,1995-02-09,64563
10007,1995-02-09,1996-02-09,68833
10007,1996-02-09,1997-02-08,70220
10007,1997-02-08,1998-02-08,73362
10007,1998-02-08,1999-02-08,75582
10007,1999-02-08,2000-02-08,79513
10007,2000-02-08,2001-02-07,80083
10007,2001-02-07,2002-02-07,84456
10007,2002-02-07,9999-01-01,88070
10008,1998-03-11,1999-03-11,46671
10008,1999-03-11,2000-03-10,48584
10008,2000-03-10,2000-07-31,52668
10009,1985-02-18,1986-02-18,60929
10009,1986-02-18,1987-02-18,64604
10009,1987-02-18,1988-02-18,64780
10009,1988-02-18,1989-02-17,66302
10009,1989-02-17,1990-02-17,69042
10009,1990-02-17,1991-02-17,70889
10009,1991-02-17,1992-02-17,71434
10009,1992-02-17,1993-02-16,74612
10009,1993-02-16,1994-02-16,76518
10009,1994-02-16,1995-02-16,78335
10009,1995-02-16,1996-02-16,80944
10009,1996-02-16,1997-02-15,82507
10009,1997-02-15,1998-02-15,85875
10009,1998-02-15,1999-02-15,89324
10009,1999-02-15,2000-02-15,90668
10009,2000-02-15,2001-02-14,93507
10009,2001-02-14,2002-02-14,94443
10009,2002-02-14,9999-01-01,94409
10010,1996-11-24,1997-11-24,72488
10010,1997-11-24,1998-11-24,74347
10010,1998-11-24,1999-11-24,75405
10010,1999-11-24,2000-11-23,78194
10010,2000-11-23,2001-11-23,79580
10010,2001-11-23,9999-01-01,80324
10011,1990-01-22,1991-01-22,42365
10011,1991-01-22,1992-01-22,44200
10011,1992-01-22,1993-01-21,48214
10011,1993-01-21,1994-01-21,50927
10011,1994-01-21,1995-01-21,51470
10011,1995-01-21,1996-01-21,54545
10011,1996-01-21,1996-11-09,56753
10012,1992-12-18,1993-12-18,40000
10012,1993-12-18,1994-12-18,41867
10012,1994-12-18,1995-12-18,42318
10012,1995-12-18,1996-12-17,44195
10012,1996-12-17,1997-12-17,46460
10012,1997-12-17,1998-12-17,46485
10012,1998-12-17,1999-12-17,47364
10012,1999-12-17,2000-12-16,51122
10012,2000-12-16,2001-12-16,54794
10012,2001-12-16,9999-01-01,54423
10013,1985-10-20,1986-10-20,40000
10013,1986-10-20,1987-10-20,40623
10013,1987-10-20,1988-10-19,40561
10013,1988-10-19,1989-10-19,40306
10013,1989-10-19,1990-10-19,43569
10013,1990-10-19,1991-10-19,46305
10013,1991-10-19,1992-10-18,47118
10013,1992-10-18,1993-10-18,50351
10013,1993-10-18,1994-10-18,49887
10013,1994-10-18,1995-10-18,53957
10013,1995-10-18,1996-10-17,57590
10013,1996-10-17,1997-10-17,59228
10013,1997-10-17,1998-10-17,59571
10013,1998-10-17,1999-10-17,63274
10013,1999-10-17,2000-10-16,63352
10013,2000-10-16,2001-10-16,66744
10013,2001-10-16,9999-01-01,68901
10014,1993-12-29,1994-12-29,46168
10014,1994-12-29,1995-12-29,48242
10014,1995-12-29,1996-12-28,47921
10014,1996-12-28,1997-12-28,50715
10014,1997-12-28,1998-12-28,53228
10014,1998-12-28,1999-12-28,53962
10014,1999-12-28,2000-12-27,56937
10014,2000-12-27,2001-12-27,59142
10014,2001-12-27,9999-01-01,60598
10015,1992-09-19,1993-08-22,40000
10016,1998-02-11,1999-02-11,70889
10016,1999-02-11,2000-02-11,72946
10016,2000-02-11,2001-02-10,76826
10016,2001-02-10,2002-02-10,76381
10016,2002-02-10,9999-01-01,77935
10017,1993-08-03,1994-08-03,71380
10017,1994-08-03,1995-08-03,75538
10017,1995-08-03,1996-08-02,79510
10017,1996-08-02,1997-08-02,82163
10017,1997-08-02,1998-08-02,86157
10017,1998-08-02,1999-08-02,89619
10017,1999-08-02,2000-08-01,91985
10017,2000-08-01,2001-08-01,96122
10017,2001-08-01,2002-08-01,98522
10017,2002-08-01,9999-01-01,99651
10018,1987-04-03,1988-04-02,55881
10018,1988-04-02,1989-04-02,59206
10018,1989-04-02,1990-04-02,61361
10018,1990-04-02,1991-04-02,61648
10018,1991-04-02,1992-04-01,61217
10018,1992-04-01,1993-04-01,61244
10018,1993-04-01,1994-04-01,63286
10018,1994-04-01,1995-04-01,65739
10018,1995-04-01,1996-03-31,67519
10018,1996-03-31,1997-03-31,69276
10018,1997-03-31,1998-03-31,72585
10018,1998-03-31,1999-03-31,72804
10018,1999-03-31,2000-03-30,76957
10018,2000-03-30,2001-03-30,80305
10018,2001-03-30,2002-03-30,84541
10018,2002-03-30,9999-01-01,84672
10019,1999-04-30,2000-04-29,44276
10019,2000-04-29,2001-04-29,46946
10019,2001-04-29,2002-04-29,46775
10019,2002-04-29,9999-01-01,50032
10020,1997-12-30,1998-12-30,40000
10020,1998-12-30,1999-12-30,40647
10020,1999-12-30,2000-12-29,43800
10020,2000-12-29,2001-12-29,44927
10020,2001-12-29,9999-01-01,47017
10021,1988-02-10,1989-02-09,55025
10021,1989-02-09,1990-02-09,56399
10021,1990-02-09,1991-02-09,59700
10021,1991-02-09,1992-02-09,60851
10021,1992-02-09,1993-02-08,61117
10021,1993-02-08,1994-02-08,60708
10021,1994-02-08,1995-02-08,63514
10021,1995-02-08,1996-02-08,66249
10021,1996-02-08,1997-02-07,70570
10021,1997-02-07,1998-02-07,74759
10021,1998-02-07,1999-02-07,77519
10021,1999-02-07,2000-02-07,77237
10021,2000-02-07,2001-02-06,79631
10021,2001-02-06,2002-02-06,82295
10021,2002-02-06,2002-07-15,84169
10022,1999-09-03,2000-09-02,40000
10022,2000-09-02,2001-09-02,39935
10022,2001-09-02,9999-01-01,41348
10023,1999-09-27,2000-09-26,47883
10023,2000-09-26,2001-09-26,50319
10023,2001-09-26,9999-01-01,50113
10024,1998-06-14,1999-06-14,83733
10024,1999-06-14,2000-06-13,86715
10024,2000-06-13,2001-06-13,91067
10024,2001-06-13,2002-06-13,94701
10024,2002-06-13,9999-01-01,96646
10025,1987-08-17,1988-08-16,40000
10025,1988-08-16,1989-08-16,44416
10025,1989-08-16,1990-08-16,48680
10025,1990-08-16,1991-08-16,50120
10025,1991-08-16,1992-08-15,50980
10025,1992-08-15,1993-08-15,54459
10025,1993-08-15,1994-08-15,54395
10025,1994-08-15,1995-08-15,56643
10025,1995-08-15,1996-08-14,57585
10025,1996-08-14,1997-08-14,57110
10025,1997-08-14,1997-10-15,57157
10026,1995-03-20,1996-03-19,47585
10026,1996-03-19,1997-03-19,51730
10026,1997-03-19,1998-03-19,53682
10026,1998-03-19,1999-03-19,56769
10026,1999-03-19,2000-03-18,60397
10026,2000-03-18,2001-03-18,64132
10026,2001-03-18,2002-03-18,65415
10026,2002-03-18,9999-01-01,66313
10027,1995-04-02,1996-04-01,40000
10027,1996-04-01,1997-04-01,39520
10027,1997-04-01,1998-04-01,42382
10027,1998-04-01,1999-04-01,43654
10027,1999-04-01,2000-03-31,43925
10027,2000-03-31,2001-03-31,45157
10027,2001-03-31,2002-03-31,45771
10027,2002-03-31,9999-01-01,46145
10028,1991-10-22,1992-10-21,48859
10028,1992-10-21,1993-10-21,50805
10028,1993-10-21,1994-10-21,52082
10028,1994-10-21,1995-10-21,54949
10028,1995-10-21,1996-10-20,55963
10028,1996-10-20,1997-10-20,57831
10028,1997-10-20,1998-04-06,58502
10029,1991-09-18,1992-09-17,63163
10029,1992-09-17,1993-09-17,66877
10029,1993-09-17,1994-09-17,69211
10029,1994-09-17,1995-09-17,70624
10029,1995-09-17,1996-09-16,70294
10029,1996-09-16,1997-09-16,70671
10029,1997-09-16,1998-09-16,73510
10029,1998-09-16,1999-09-16,75773
10029,1999-09-16,2000-09-15,76067
10029,2000-09-15,2001-09-15,76608
10029,2001-09-15,9999-01-01,77777
10030,1994-02-17,1995-02-17,66956
10030,1995-02-17,1996-02-17,68393
10030,1996-02-17,1997-02-16,72795
10030,1997-02-16,1998-02-16,76453
10030,1998-02-16,1999-02-16,79290
10030,1999-02-16,2000-02-16,83327
10030,2000-02-16,2001-02-15,86634
10030,2001-02-15,2002-02-15,87027
10030,2002-02-15,9999-01-01,88806
10031,1991-09-01,1992-08-31,40000
10031,1992-08-31,1993-08-31,40859
10031,1993-08-31,1994-08-31,41881
10031,1994-08-31,1995-08-31,44191
10031,1995-08-31,1996-08-30,47202
10031,1996-08-30,1997-08-30,47606
10031,1997-08-30,1998-08-30,50810
10031,1998-08-30,1999-08-30,52675
10031,1999-08-30,2000-08-29,54177
10031,2000-08-29,2001-08-29,53873
10031,2001-08-29,9999-01-01,56689
10032,1990-06-20,1991-06-20,48426
10032,1991-06-20,1992-06-19,49389
10032,1992-06-19,1993-06-19,52000
10032,1993-06-19,1994-06-19,53038
10032,1994-06-19,1995-06-19,54336
10032,1995-06-19,1996-06-18,53978
10032,1996-06-18,1997-06-18,55090
10032,1997-06-18,1998-06-18,57110
10032,1998-06-18,1999-06-18,57926
10032,1999-06-18,2000-06-17,57876
10032,2000-06-17,2001-06-17,61709
10032,2001-06-17,2002-06-17,65820
10032,2002-06-17,9999-01-01,69539
10033,1987-03-18,1988-03-17,51258
10033,1988-03-17,1989-03-17,54972
10033,1989-03-17,1990-03-17,55410
10033,1990-03-17,1991-03-17,56095
10033,1991-03-17,1992-03-16,56038
10033,1992-03-16,1993-03-16,57712
10033,1993-03-16,1993-03-24,60433
10034,1995-04-12,1996-04-11,47561
10034,1996-04-11,1997-04-11,51192
10034,1997-04-11,1998-04-11,52687
10034,1998-04-11,1999-04-11,53112
10034,1999-04-11,1999-10-31,53164
10035,1988-09-05,1989-09-05,41538
10035,1989-09-05,1990-09-05,45131
10035,1990-09-05,1991-09-05,45629
10035,1991-09-05,1992-09-04,48360
10035,1992-09-04,1993-09-04,50664
10035,1993-09-04,1994-09-04,53060
10035,1994-09-04,1995-09-04,56640
10035,1995-09-04,1996-09-03,57621
10035,1996-09-03,1997-09-03,59291
10035,1997-09-03,1998-09-03,61793
10035,1998-09-03,1999-09-03,62285
10035,1999-09-03,2000-09-02,65332
10035,2000-09-02,2001-09-02,66584
10035,2001-09-02,9999-01-01,68755
10036,1992-04-28,1993-04-28,42819
10036,1993-04-28,1994-04-28,46756
10036,1994-04-28,1995-04-28,51084
10036,1995-04-28,1996-04-27,52308
10036,1996-04-27,1997-04-27,53828
10036,1997-04-27,1998-04-27,54408
10036,1998-04-27,1999-04-27,53929
10036,1999-04-27,2000-04-26,56579
10036,2000-04-26,2001-04-26,60478
10036,2001-04-26,2002-04-26,60520
10036,2002-04-26,9999-01-01,63053
10037,1990-12-05,1991-12-05,40000
10037,1991-12-05,1992-12-04,39765
10037,1992-12-04,1993-12-04,43565
10037,1993-12-04,1994-12-04,43104
10037,1994-12-04,1995-12-04,46100
10037,1995-12-04,1996-12-03,49735
10037,1996-12-03,1997-12-03,51775
10037,1997-12-03,1998-12-03,53198
10037,1998-12-03,1999-12-03,56270
10037,1999-12-03,2000-12-02,59882
10037,2000-12-02,2001-12-02,60992
10037,2001-12-02,9999-01-01,60574
10038,1989-09-20,1990-09-20,40000
10038,1990-09-20,1991-09-20,43527
10038,1991-09-20,1992-09-19,46509
10038,1992-09-19,1993-09-19,49874
10038,1993-09-19,1994-09-19,52969
10038,1994-09-19,1995-09-19,56629
10038,1995-09-19,1996-09-18,58079
10038,1996-09-18,1997-09-18,60322
10038,1997-09-18,1998-09-18,62274
10038,1998-09-18,1999-09-18,62517
10038,1999-09-18,2000-09-17,62458
10038,2000-09-17,2001-09-17,64238
10038,2001-09-17,9999-01-01,64254
10039,1988-01-19,1989-01-18,40000
10039,1989-01-18,1990-01-18,41525
10039,1990-01-18,1991-01-18,43801
10039,1991-01-18,1992-01-18,46278
10039,1992-01-18,1993-01-17,45838
10039,1993-01-17,1994-01-17,49155
10039,1994-01-17,1995-01-17,52999
10039,1995-01-17,1996-01-17,55037
10039,1996-01-17,1997-01-16,54937
10039,1997-01-16,1998-01-16,55204
10039,1998-01-16,1999-01-16,59593
10039,1999-01-16,2000-01-16,62131
10039,2000-01-16,2001-01-15,61774
10039,2001-01-15,2002-01-15,63592
10039,2002-01-15,9999-01-01,63918
10040,1993-02-14,1994-02-14,52153
10040,1994-02-14,1995-02-14,53533
10040,1995-02-14,1996-02-14,56565
10040,1996-02-14,1997-02-13,60260
10040,1997-02-13,1998-02-13,62101
10040,1998-02-13,1999-02-13,63870
10040,1999-02-13,2000-02-13,64570
10040,2000-02-13,2001-02-12,67016
10040,2001-02-12,2002-02-12,68185
10040,2002-02-12,9999-01-01,72668
10041,1989-11-12,1990-11-12,56893
10041,1990-11-12,1991-11-12,60824
10041,1991-11-12,1992-11-11,63116
10041,1992-11-11,1993-11-11,64128
10041,1993-11-11,1994-11-11,65615
10041,1994-11-11,1995-11-11,69768
10041,1995-11-11,1996-11-10,70216
10041,1996-11-10,1997-11-10,71322
10041,1997-11-10,1998-11-10,74575
10041,1998-11-10,1999-11-10,75544
10041,1999-11-10,2000-11-09,79746
10041,2000-11-09,2001-11-09,81012
10041,2001-11-09,9999-01-01,81705
10042,1993-03-21,1994-03-21,81662
10042,1994-03-21,1995-03-21,84183
10042,1995-03-21,1996-03-20,84389
10042,1996-03-20,1997-03-20,85501
10042,1997-03-20,1998-03-20,89833
10042,1998-03-20,1999-03-20,91161
10042,1999-03-20,2000-03-19,95035
10042,2000-03-19,2000-08-10,94868
10043,1990-10-20,1991-10-20,49324
10043,1991-10-20,1992-10-19,51948
10043,1992-10-19,1993-10-19,54011
10043,1993-10-19,1994-10-19,58302
10043,1994-10-19,1995-10-19,62291
10043,1995-10-19,1996-10-18,65669
10043,1996-10-18,1997-10-18,65562
10043,1997-10-18,1998-10-18,68328
10043,1998-10-18,1999-10-18,70689
10043,1999-10-18,2000-10-17,72543
10043,2000-10-17,2001-10-17,76677
10043,2001-10-17,9999-01-01,77659
10044,1994-05-21,1995-05-21,40919
10044,1995-05-21,1996-05-20,45217
10044,1996-05-20,1997-05-20,46674
10044,1997-05-20,1998-05-20,48623
10044,1998-05-20,1999-05-20,51377
10044,1999-05-20,2000-05-19,53186
10044,2000-05-19,2001-05-19,56058
10044,2001-05-19,2002-05-19,56810
10044,2002-05-19,9999-01-01,58345
10045,1996-11-16,1997-11-16,41971
10045,1997-11-16,1998-11-16,42914
10045,1998-11-16,1999-11-16,43046
10045,1999-11-16,2000-11-15,43838
10045,2000-11-15,2001-11-15,47984
10045,2001-11-15,9999-01-01,47581
10046,1992-06-20,1993-06-20,40000
10046,1993-06-20,1994-06-20,42385
10046,1994-06-20,1995-06-20,43485
10046,1995-06-20,1996-06-19,43203
10046,1996-06-19,1997-06-19,45150
10046,1997-06-19,1998-06-19,48222
10046,1998-06-19,1999-06-19,50853
10046,1999-06-19,2000-06-18,52271
10046,2000-06-18,2001-06-18,56481
10046,2001-06-18,2002-06-18,60249
10046,2002-06-18,9999-01-01,62218
10047,1989-03-31,1990-03-31,54982
10047,1990-03-31,1991-03-31,57350
10047,1991-03-31,1992-03-30,59571
10047,1992-03-30,1993-03-30,62851
10047,1993-03-30,1994-03-30,65225
10047,1994-03-30,1995-03-30,66330
10047,1995-03-30,1996-03-29,69992
10047,1996-03-29,1997-03-29,73376
10047,1997-03-29,1998-03-29,74735
10047,1998-03-29,1999-03-29,75748
10047,1999-03-29,2000-03-28,77149
10047,2000-03-28,2001-03-28,78399
10047,2001-03-28,2002-03-28,78569
10047,2002-03-28,9999-01-01,81037
10048,1985-02-24,1986-02-24,40000
10048,1986-02-24,1987-01-27,39507
10049,1992-05-04,1993-05-04,40000
10049,1993-05-04,1994-05-04,39735
10049,1994-05-04,1995-05-04,40484
10049,1995-05-04,1996-05-03,41291
10049,1996-05-03,1997-05-03,41301
10049,1997-05-03,1998-05-03,41957
10049,1998-05-03,1999-05-03,41788
10049,1999-05-03,2000-05-02,44620
10049,2000-05-02,2001-05-02,45933
10049,2001-05-02,2002-05-02,48575
10049,2002-05-02,9999-01-01,51326
10050,1990-12-25,1991-12-25,74366
10050,1991-12-25,1992-12-24,78675
10050,1992-12-24,1993-12-24,82220
10050,1993-12-24,1994-12-24,86604
10050,1994-12-24,1995-12-24,88087
10050,1995-12-24,1996-12-23,88836
10050,1996-12-23,1997-12-23,90623
10050,1997-12-23,1998-12-23,91530
10050,1998-12-23,1999-12-23,93689
10050,1999-12-23,2000-12-22,97571
10050,2000-12-22,2001-12-22,97817
10050,2001-12-22,9999-01-01,97830
10051,1992-10-15,1993-10-15,48817
10051,1993-10-15,1994-10-15,50874
10051,1994-10-15,1995-10-15,52247
10051,1995-10-15,1996-10-14,56217
10051,1996-10-14,1997-10-14,59402
10051,1997-10-14,1998-10-14,59012
10051,1998-10-14,1999-10-14,61719
10051,1999-10-14,2000-10-13,61345
10051,2000-10-13,2001-10-13,61400
10051,2001-10-13,9999-01-01,64905
10052,1997-01-31,1998-01-31,57212
10052,1998-01-31,1999-01-31,56908
10052,1999-01-31,2000-01-31,60084
10052,2000-01-31,2001-01-30,63081
10052,2001-01-30,2002-01-30,66450
10052,2002-01-30,9999-01-01,67156
10053,1994-11-13,1995-11-13,67854
10053,1995-11-13,1996-11-12,67912
10053,1996-11-12,1997-11-12,71459
10053,1997-11-12,1998-11-12,71283
10053,1998-11-12,1999-11-12,74822
10053,1999-11-12,2000-11-11,77425
10053,2000-11-11,2001-11-11,77531
10053,2001-11-11,9999-01-01,78478
10054,1995-07-29,1996-07-28,40000
10054,1996-07-28,1997-07-28,42889
10054,1997-07-28,1998-07-28,42846
10054,1998-07-28,1999-07-28,44680
10054,1999-07-28,2000-07-27,44958
10054,2000-07-27,2001-07-27,49391
10054,2001-07-27,2002-07-27,52184
10054,2002-07-27,9999-01-01,53906
10055,1992-04-27,1993-04-27,80024
10055,1993-04-27,1994-04-27,83592
10055,1994-04-27,1995-04-27,87473
10055,1995-04-27,1995-07-22,90843
10056,1990-02-01,1991-02-01,48857
10056,1991-02-01,1992-02-01,51457
10056,1992-02-01,1993-01-31,53869
10056,1993-01-31,1994-01-31,54677
10056,1994-01-31,1995-01-31,56047
10056,1995-01-31,1996-01-31,59252
10056,1996-01-31,1997-01-30,61963
10056,1997-01-30,1998-01-30,65622
10056,1998-01-30,1999-01-30,67648
10056,1999-01-30,2000-01-30,70163
10056,2000-01-30,2001-01-29,69905
10056,2001-01-29,2002-01-29,74004
10056,2002-01-29,9999-01-01,74722
10057,1992-01-15,1993-01-14,49616
10057,1993-01-14,1994-01-14,53897
10057,1994-01-14,1995-01-14,58099
10057,1995-01-14,1996-01-14,58881
10057,1996-01-14,1997-01-13,61013
10057,1997-01-13,1998-01-13,61055
10057,1998-01-13,1999-01-13,61255
10057,1999-01-13,2000-01-13,60966
10057,2000-01-13,2001-01-12,63507
10057,2001-01-12,2002-01-12,66430
10057,2002-01-12,9999-01-01,68061
10058,1988-04-25,1989-04-25,52787
10058,1989-04-25,1990-04-25,53377
10058,1990-04-25,1991-04-25,53869
10058,1991-04-25,1992-04-24,55134
10058,1992-04-24,1993-04-24,57882
10058,1993-04-24,1994-04-24,58807
10058,1994-04-24,1995-04-24,63284
10058,1995-04-24,1996-04-23,63666
10058,1996-04-23,1997-04-23,65706
10058,1997-04-23,1998-04-23,67913
10058,1998-04-23,1999-04-23,68623
10058,1999-04-23,2000-04-22,71438
10058,2000-04-22,2001-04-22,72151
10058,2001-04-22,2002-04-22,72363
10058,2002-04-22,9999-01-01,72542
10059,1991-06-26,1992-06-25,71218
10059,1992-06-25,1993-06-25,73299
10059,1993-06-25,1994-06-25,76448
10059,1994-06-25,1995-06-25,80739
10059,1995-06-25,1996-06-24,82318
10059,1996-06-24,1997-06-24,84522
10059,1997-06-24,1998-06-24,86290
10059,1998-06-24,1999-06-24,89824
10059,1999-06-24,2000-06-23,90380
10059,2000-06-23,2001-06-23,90689
10059,2001-06-23,2002-06-23,93280
10059,2002-06-23,9999-01-01,94161
10060,1989-05-28,1990-05-28,74686
10060,1990-05-28,1991-05-28,75594
10060,1991-05-28,1992-05-27,77772
10060,1992-05-27,1993-05-27,78393
10060,1993-05-27,1994-05-27,77964
10060,1994-05-27,1995-05-27,78057
10060,1995-05-27,1996-05-26,78983
10060,1996-05-26,1997-05-26,79900
10060,1997-05-26,1998-05-26,79684
10060,1998-05-26,1999-05-26,84052
10060,1999-05-26,2000-05-25,85960
10060,2000-05-25,2001-05-25,87773
10060,2001-05-25,2002-05-25,89769
10060,2002-05-25,9999-01-01,93188
10061,1989-12-02,1990-12-02,68577
10061,1990-12-02,1991-12-02,71135
10061,1991-12-02,1992-12-01,72464
10061,1992-12-01,1993-12-01,74796
10061,1993-12-01,1994-12-01,74944
10061,1994-12-01,1995-12-01,79041
10061,1995-12-01,1996-11-30,80248
10061,1996-11-30,1997-11-30,84445
10061,1997-11-30,1998-11-30,88012
10061,1998-11-30,1999-11-30,90972
10061,1999-11-30,2000-11-29,91371
10061,2000-11-29,2001-11-29,95866
10061,2001-11-29,9999-01-01,97338
10062,1991-08-30,1992-08-29,55685
10062,1992-08-29,1993-08-29,59029
10062,1993-08-29,1994-08-29,60089
10062,1994-08-29,1995-08-29,62194
10062,1995-08-29,1996-08-28,61761
10062,1996-08-28,1997-08-28,65275
10062,1997-08-28,1998-08-28,65544
10062,1998-08-28,1999-08-28,66167
10062,1999-08-28,2000-08-27,66447
10062,2000-08-27,2001-08-27,68784
10062,2001-08-27,9999-01-01,68559
10063,1989-04-08,1990-04-08,40000
10063,1990-04-08,1991-04-08,41990
10063,1991-04-08,1992-04-07,44342
10063,1992-04-07,1993-04-07,48429
10063,1993-04-07,1994-04-07,52466
10063,1994-04-07,1995-04-07,54823
10063,1995-04-07,1996-04-05,56442
10063,1996-04-05,1997-04-05,60165
10063,1997-04-05,1998-04-06,63852
10063,1998-04-06,1999-04-06,65262
10063,1999-04-06,2000-04-05,69354
10063,2000-04-05,2001-04-05,71028
10063,2001-04-05,2002-04-04,73393
10063,2002-04-04,9999-01-01,74841
10064,1985-11-20,1986-11-20,40000
10064,1986-11-20,1987-11-20,39551
10064,1987-11-20,1988-11-19,41264
10064,1988-11-19,1989-11-19,40795
10064,1989-11-19,1990-11-19,43466
10064,1990-11-19,1991-11-19,45895
10064,1991-11-19,1992-03-02,48454
10065,1998-05-24,1999-05-24,40000
10065,1999-05-24,2000-05-23,40503
10065,2000-05-23,2001-05-23,42031
10065,2001-05-23,2002-05-23,43655
10065,2002-05-23,9999-01-01,47437
10066,1986-02-26,1987-02-26,69736
10066,1987-02-26,1988-02-26,72147
10066,1988-02-26,1989-02-25,76616
10066,1989-02-25,1990-02-25,78885
10066,1990-02-25,1991-02-25,82819
10066,1991-02-25,1992-02-25,84064
10066,1992-02-25,1993-02-24,84161
10066,1993-02-24,1994-02-24,84368
10066,1994-02-24,1995-02-24,88392
10066,1995-02-24,1996-02-24,88808
10066,1996-02-24,1997-02-23,92405
10066,1997-02-23,1998-02-23,96451
10066,1998-02-23,1999-02-23,98656
10066,1999-02-23,2000-02-23,99199
10066,2000-02-23,2001-02-22,102425
10066,2001-02-22,2002-02-22,102674
10066,2002-02-22,9999-01-01,103672
10067,1987-03-04,1988-03-03,44642
10067,1988-03-03,1989-03-03,47879
10067,1989-03-03,1990-03-03,47733
10067,1990-03-03,1991-03-03,51396
10067,1991-03-03,1992-03-02,52808
10067,1992-03-02,1993-03-02,56581
10067,1993-03-02,1994-03-02,58363
10067,1994-03-02,1995-03-02,62607
10067,1995-03-02,1996-03-01,66769
10067,1996-03-01,1997-03-01,70158
10067,1997-03-01,1998-03-01,73730
10067,1998-03-01,1999-03-01,74242
10067,1999-03-01,2000-02-29,75732
10067,2000-02-29,2001-02-28,77620
10067,2001-02-28,2002-02-28,81784
10067,2002-02-28,9999-01-01,83254
10068,1987-08-07,1988-08-06,87964
10068,1988-08-06,1989-08-06,92176
10068,1989-08-06,1990-08-06,92089
10068,1990-08-06,1991-08-06,93474
10068,1991-08-06,1992-08-05,94724
10068,1992-08-05,1993-08-05,97058
10068,1993-08-05,1994-08-05,100005
10068,1994-08-05,1995-08-05,101829
10068,1995-08-05,1996-08-04,101630
10068,1996-08-04,1997-08-04,105533
10068,1997-08-04,1998-08-04,106204
10068,1998-08-04,1999-08-04,108345
10068,1999-08-04,2000-08-03,111623
10068,2000-08-03,2001-08-03,112470
10068,2001-08-03,9999-01-01,113229
10069,1992-06-14,1993-06-14,67932
10069,1993-06-14,1994-06-14,68046
10069,1994-06-14,1995-06-14,67675
10069,1995-06-14,1996-06-13,69876
10069,1996-06-13,1997-06-13,70464
10069,1997-06-13,1998-06-13,71574
10069,1998-06-13,1999-06-13,74638
10069,1999-06-13,2000-06-12,79102
10069,2000-06-12,2001-06-12,82731
10069,2001-06-12,2002-06-12,85931
10069,2002-06-12,9999-01-01,86641
10070,1985-10-14,1986-10-14,55999
10070,1986-10-14,1987-10-14,56848
10070,1987-10-14,1988-10-13,61306
10070,1988-10-13,1989-10-13,63174
10070,1989-10-13,1990-10-13,63950
10070,1990-10-13,1991-10-13,64776
10070,1991-10-13,1992-10-12,67223
10070,1992-10-12,1993-10-12,70301
10070,1993-10-12,1994-10-12,74286
10070,1994-10-12,1995-10-12,77938
10070,1995-10-12,1996-10-11,82124
10070,1996-10-11,1997-10-11,83639
10070,1997-10-11,1998-10-11,87499
10070,1998-10-11,1999-10-11,87086
10070,1999-10-11,2000-10-10,90690
10070,2000-10-10,2001-10-10,94654
10070,2001-10-10,9999-01-01,96322
10071,1995-08-05,1996-08-04,40000
10071,1996-08-04,1997-08-04,40087
10071,1997-08-04,1998-08-04,41656
10071,1998-08-04,1999-08-04,42768
10071,1999-08-04,2000-08-03,46295
10071,2000-08-03,2001-08-03,49837
10071,2001-08-03,9999-01-01,53315
10072,1989-05-21,1990-05-21,40000
10072,1990-05-21,1991-05-21,39567
10072,1991-05-21,1992-05-20,39724
10072,1992-05-20,1993-05-20,40803
10072,1993-05-20,1994-05-20,44781
10072,1994-05-20,1995-05-20,49265
10072,1995-05-20,1996-05-19,53559
10072,1996-05-19,1997-05-19,56103
10072,1997-05-19,1998-05-19,58578
10072,1998-05-19,1999-05-19,60600
10072,1999-05-19,2000-05-18,62174
10072,2000-05-18,2001-05-18,63157
10072,2001-05-18,2002-05-18,64726
10072,2002-05-18,9999-01-01,64512
10073,1998-02-02,1998-02-22,56473
10074,1990-08-13,1991-08-13,61714
10074,1991-08-13,1992-08-12,64739
10074,1992-08-12,1993-08-12,64655
10074,1993-08-12,1994-08-12,67516
10074,1994-08-12,1995-08-12,70019
10074,1995-08-12,1996-08-11,70984
10074,1996-08-11,1997-08-11,72145
10074,1997-08-11,1998-08-11,73009
10074,1998-08-11,1999-08-11,77489
10074,1999-08-11,2000-08-10,77625
10074,2000-08-10,2001-08-10,79934
10074,2001-08-10,9999-01-01,80820
10075,1988-05-17,1989-05-17,43815
10075,1989-05-17,1990-05-17,43590
10075,1990-05-17,1991-05-17,46087
10075,1991-05-17,1992-05-16,47765
10075,1992-05-16,1993-05-16,48606
10075,1993-05-16,1994-05-16,49208
10075,1994-05-16,1995-05-16,51099
10075,1995-05-16,1996-05-15,51323
10075,1996-05-15,1997-05-15,51238
10075,1997-05-15,1998-05-15,55463
10075,1998-05-15,1999-05-15,59623
10075,1999-05-15,2000-05-14,63624
10075,2000-05-14,2001-01-15,67492
10076,1996-07-15,1997-07-15,47319
10076,1997-07-15,1998-07-15,50802
10076,1998-07-15,1999-07-15,54783
10076,1999-07-15,2000-07-14,57418
10076,2000-07-14,2001-07-14,59999
10076,2001-07-14,2002-07-14,61118
10076,2002-07-14,9999-01-01,62921
10077,1994-12-23,1995-12-23,40000
10077,1995-12-23,1996-12-22,43745
10077,1996-12-22,1997-12-22,43864
10077,1997-12-22,1998-12-22,47173
10077,1998-12-22,1999-12-22,49955
10077,1999-12-22,2000-12-21,50403
10077,2000-12-21,2001-12-21,51581
10077,2001-12-21,9999-01-01,54699
10078,1994-09-29,1995-09-29,47280
10078,1995-09-29,1996-09-28,46833
10078,1996-09-28,1997-09-28,50652
10078,1997-09-28,1998-09-28,50977
10078,1998-09-28,1999-09-28,51132
10078,1999-09-28,2000-09-27,53130
10078,2000-09-27,2001-09-27,52860
10078,2001-09-27,9999-01-01,54652
10079,1995-12-13,1996-12-12,53492
10079,1996-12-12,1997-12-12,56811
10079,1997-12-12,1998-12-12,56717
10079,1998-12-12,1999-12-12,56256
10079,1999-12-12,2000-12-11,59225
10079,2000-12-11,2001-12-11,63641
10079,2001-12-11,9999-01-01,67231
10080,1994-09-28,1995-09-28,54916
10080,1995-09-28,1996-09-27,56838
10080,1996-09-27,1997-09-27,60742
10080,1997-09-27,1998-09-27,62087
10080,1998-09-27,1999-09-27,65129
10080,1999-09-27,2000-09-26,68691
10080,2000-09-26,2001-09-26,71986
10080,2001-09-26,9999-01-01,72729
10081,1986-10-30,1987-10-30,55786
10081,1987-10-30,1988-10-29,58975
10081,1988-10-29,1989-10-29,58475
10081,1989-10-29,1990-10-29,61935
10081,1990-10-29,1991-10-29,63172
10081,1991-10-29,1992-10-28,64355
10081,1992-10-28,1993-10-28,64054
10081,1993-10-28,1994-10-28,66796
10081,1994-10-28,1995-10-28,66704
10081,1995-10-28,1996-10-27,68102
10081,1996-10-27,1997-10-27,69882
10081,1997-10-27,1998-10-27,73516
10081,1998-10-27,1999-10-27,74714
10081,1999-10-27,2000-10-26,74734
10081,2000-10-26,2001-10-26,75683
10081,2001-10-26,9999-01-01,79351
10082,1990-01-03,1990-01-15,48935
10083,1987-03-31,1988-03-30,40000
10083,1988-03-30,1989-03-30,44226
10083,1989-03-30,1990-03-30,47900
10083,1990-03-30,1991-03-30,49732
10083,1991-03-30,1992-03-29,53520
10083,1992-03-29,1993-03-29,54944
10083,1993-03-29,1994-03-29,55469
10083,1994-03-29,1995-03-29,58814
10083,1995-03-29,1996-03-28,59286
10083,1996-03-28,1997-03-28,62727
10083,1997-03-28,1998-03-28,65435
10083,1998-03-28,1999-03-28,67142
10083,1999-03-28,2000-03-27,70495
10083,2000-03-27,2001-03-27,73060
10083,2001-03-27,2002-03-27,73756
10083,2002-03-27,9999-01-01,77186
10084,1995-12-15,1996-12-14,69811
10084,1996-12-14,1997-12-14,74293
10084,1997-12-14,1998-12-14,78493
10084,1998-12-14,1999-12-14,81977
10084,1999-12-14,2000-12-13,86412
10084,2000-12-13,2001-12-13,90039
10084,2001-12-13,9999-01-01,93621
10085,1994-04-09,1995-04-09,40000
10085,1995-04-09,1996-04-08,43030
10085,1996-04-08,1997-04-08,46477
10085,1997-04-08,1998-04-08,47707
10085,1998-04-08,1999-04-08,50245
10085,1999-04-08,2000-04-07,52683
10085,2000-04-07,2001-04-07,55176
10085,2001-04-07,2002-04-06,56905
10085,2002-04-06,9999-01-01,60910
10086,1992-02-19,1993-02-18,81613
10086,1993-02-18,1994-02-18,81404
10086,1994-02-18,1995-02-18,80991
10086,1995-02-18,1996-02-18,80941
10086,1996-02-18,1997-02-17,80934
10086,1997-02-17,1998-02-17,84324
10086,1998-02-17,1999-02-17,88049
10086,1999-02-17,2000-02-17,90241
10086,2000-02-17,2001-02-16,92125
10086,2001-02-16,2002-02-16,96471
10086,2002-02-16,9999-01-01,96333
10087,1997-05-08,1998-05-08,96750
10087,1998-05-08,1999-05-08,98200
10087,1999-05-08,2000-05-07,98460
10087,2000-05-07,2001-01-09,102651
10088,1988-09-02,1989-09-02,65957
10088,1989-09-02,1990-09-02,67837
10088,1990-09-02,1991-09-02,70774
10088,1991-09-02,1992-09-01,70709
10088,1992-09-01,1993-09-01,73858
10088,1993-09-01,1994-09-01,78302
10088,1994-09-01,1995-09-01,79993
10088,1995-09-01,1996-08-31,79519
10088,1996-08-31,1997-08-31,83755
10088,1997-08-31,1998-08-31,84024
10088,1998-08-31,1999-08-31,87639
10088,1999-08-31,2000-08-30,91296
10088,2000-08-30,2001-08-30,95451
10088,2001-08-30,9999-01-01,98003
10089,1989-01-10,1990-01-10,56469
10089,1990-01-10,1991-01-10,56165
10089,1991-01-10,1992-01-10,56040
10089,1992-01-10,1993-01-09,60332
10089,1993-01-09,1994-01-09,63549
10089,1994-01-09,1995-01-09,64105
10089,1995-01-09,1996-01-09,65543
10089,1996-01-09,1997-01-08,69267
10089,1997-01-08,1998-01-08,70480
10089,1998-01-08,1999-01-08,70147
10089,1999-01-08,2000-01-08,71560
10089,2000-01-08,2001-01-07,72862
10089,2001-01-07,2002-01-07,74138
10089,2002-01-07,9999-01-01,77955
10090,1986-03-14,1987-03-14,44978
10090,1987-03-14,1988-03-13,47905
10090,1988-03-13,1989-03-13,48211
10090,1989-03-13,1990-03-13,50694
10090,1990-03-13,1991-03-13,54084
10090,1991-03-13,1992-03-12,54095
10090,1992-03-12,1993-03-12,56190
10090,1993-03-12,1994-03-12,58604
10090,1994-03-12,1995-03-12,61661
10090,1995-03-12,1996-03-11,64839
10090,1996-03-11,1997-03-11,69311
10090,1997-03-11,1998-03-11,71274
10090,1998-03-11,1999-03-11,71605
10090,1999-03-11,1999-05-07,75401
10091,1992-11-18,1993-11-18,40000
10091,1993-11-18,1994-11-18,41181
10091,1994-11-18,1995-11-18,43812
10091,1995-11-18,1996-11-17,44046
10091,1996-11-17,1997-11-17,45385
10091,1997-11-17,1998-11-17,46467
10091,1998-11-17,1999-11-17,49155
10091,1999-11-17,2000-11-16,53157
10091,2000-11-16,2001-11-16,55958
10091,2001-11-16,9999-01-01,60014
10092,1996-04-22,1997-04-22,53977
10092,1997-04-22,1998-04-22,54672
10092,1998-04-22,1999-04-22,58042
10092,1999-04-22,2000-04-21,61969
10092,2000-04-21,2001-04-21,62607
10092,2001-04-21,2002-04-21,62323
10092,2002-04-21,9999-01-01,66803
10093,1997-06-08,1998-06-08,67856
10093,1998-06-08,1999-06-08,70269
10093,1999-06-08,2000-06-07,73951
10093,2000-06-07,2001-06-07,76944
10093,2001-06-07,2002-06-07,78796
10093,2002-06-07,9999-01-01,82715
10094,1987-04-18,1988-04-17,58001
10094,1988-04-17,1989-04-17,61131
10094,1989-04-17,1990-04-17,63147
10094,1990-04-17,1991-04-17,66339
10094,1991-04-17,1992-04-16,68848
10094,1992-04-16,1993-04-16,72932
10094,1993-04-16,1994-04-16,73585
10094,1994-04-16,1995-04-16,73617
10094,1995-04-16,1996-04-15,76830
10094,1996-04-15,1997-04-15,80759
10094,1997-04-15,1997-11-08,85225
10095,1994-03-10,1995-03-10,63668
10095,1995-03-10,1996-03-09,65982
10095,1996-03-09,1997-03-09,66404
10095,1997-03-09,1998-03-09,67641
10095,1998-03-09,1999-03-09,70079
10095,1999-03-09,2000-03-08,72169
10095,2000-03-08,2001-03-08,74387
10095,2001-03-08,2002-03-08,76900
10095,2002-03-08,9999-01-01,80955
10096,1999-01-23,2000-01-23,61395
10096,2000-01-23,2001-01-22,63811
10096,2001-01-22,2002-01-22,65962
10096,2002-01-22,9999-01-01,68612
10097,1990-09-15,1991-09-15,44886
10097,1991-09-15,1992-09-14,47987
10097,1992-09-14,1993-09-14,50406
10097,1993-09-14,1994-09-14,51981
10097,1994-09-14,1995-09-14,53075
10097,1995-09-14,1996-09-13,53699
10097,1996-09-13,1997-09-13,56903
10097,1997-09-13,1998-09-13,59339
10097,1998-09-13,1999-09-13,62690
10097,1999-09-13,2000-09-12,65841
10097,2000-09-12,2001-09-12,67846
10097,2001-09-12,9999-01-01,70161
10098,1985-05-13,1986-05-13,40000
10098,1986-05-13,1987-05-13,41426
10098,1987-05-13,1988-05-12,45147
10098,1988-05-12,1989-05-12,48625
10098,1989-05-12,1990-05-12,49228
10098,1990-05-12,1991-05-12,51404
10098,1991-05-12,1992-05-11,53646
10098,1992-05-11,1992-12-11,56202
10099,1988-10-18,1989-10-18,68781
10099,1989-10-18,1990-10-18,70711
10099,1990-10-18,1991-10-18,75094
10099,1991-10-18,1992-10-17,78490
10099,1992-10-17,1993-10-17,81154
10099,1993-10-17,1994-10-17,81480
10099,1994-10-17,1995-10-17,85032
10099,1995-10-17,1996-10-16,84698
10099,1996-10-16,1997-10-16,86038
10099,1997-10-16,1998-10-16,86212
10099,1998-10-16,1999-10-16,89257
10099,1999-10-16,2000-10-15,93297
10099,2000-10-15,2001-10-15,95842
10099,2001-10-15,9999-01-01,98538
10100,1987-09-21,1988-09-20,54398
10100,1988-09-20,1989-09-20,55586
10100,1989-09-20,1990-09-20,57195
10100,1990-09-20,1991-09-20,58209
10100,1991-09-20,1992-09-19,57770
10100,1992-09-19,1993-09-19,59188
10100,1993-09-19,1994-09-19,60763
10100,1994-09-19,1995-09-19,64797
10100,1995-09-19,1996-09-18,68037
10100,1996-09-18,1997-09-18,69404
10100,1997-09-18,1998-09-18,70575
10100,1998-09-18,1999-09-18,70464
10100,1999-09-18,2000-09-17,72343
10100,2000-09-17,2001-09-17,74365
10100,2001-09-17,9999-01-01,74957
